"Table with row headers in Column A, and column headers in row 3",,,
Supplemental Table 1.,,,
Percentage of Workers Who Commuted by Bicycle in Small Cities: 2008Ð2012 ,,,
"(Total City Population of 20,000Ð99,999)1",,,
"(For information on confidentiality protection, sampling error, and definitions, see www.census.gov/acs/www/Downloads/data_documentation/ Accuracy
/ACS_Accuracy_of_Data_2012.pdf)",,,
City,Number of workers who commuted by bicycle,Percentage of workers,"Margin of 
error (±)2 "
"Aberdeen city, South Dakota ",110,0.8,0.5
"Acworth city, Georgia ",0,0.0,0.4
"Addison village, Illinois ",43,0.2,0.3
"Adelanto city, California ",0,0.0,0.5
"Adrian city, Michigan ",121,1.5,1.0
"Agawam Town city, Massachusetts ",0,0.0,0.2
"Agoura Hills city, California ",84,0.8,1.1
"Aiken city, South Carolina ",23,0.2,0.3
"Alabaster city, Alabama ",0,0.0,0.2
"Alameda city, California ",576,1.5,0.4
"Alamogordo city, New Mexico ",35,0.3,0.2
"Albany city, Georgia ",77,0.3,0.2
"Albany city, New York ",419,0.9,0.3
"Albany city, Oregon ",281,1.3,0.6
"Albertville city, Alabama ",2,0.0,0.1
"Alexandria city, Louisiana ",100,0.5,0.3
"Algonquin village, Illinois ",109,0.7,0.6
"Alhambra city, California ",198,0.5,0.2
"Aliso Viejo city, California ",85,0.3,0.2
"Allen city, Texas ",21,0.0,0.1
"Allen Park city, Michigan ",55,0.5,0.4
"Alliance city, Ohio ",19,0.2,0.2
"Alpharetta city, Georgia ",0,0.0,0.1
"Altamonte Springs city, Florida ",282,1.3,0.7
"Alton city, Illinois ",10,0.1,0.1
"Altoona city, Pennsylvania ",33,0.2,0.2
"Alvin city, Texas ",127,1.2,0.7
"American Fork city, Utah ",32,0.3,0.3
"Ames city, Iowa ",808,2.5,0.6
"Anderson city, Indiana ",96,0.4,0.2
"Anderson city, South Carolina ",10,0.1,0.2
"Andover city, Minnesota ",22,0.1,0.2
"Ankeny city, Iowa ",52,0.2,0.2
"Annapolis city, Maryland ",41,0.2,0.2
"Anniston city, Alabama ",12,0.1,0.2
"Apache Junction city, Arizona ",71,0.6,0.6
"Apex town, North Carolina ",0,0.0,0.2
"Apopka city, Florida ",79,0.4,0.4
"Apple Valley city, Minnesota ",79,0.3,0.2
"Apple Valley town, California ",21,0.1,0.1
"Appleton city, Wisconsin ",399,1.1,0.4
"Arcadia city, California ",90,0.4,0.2
"Ardmore city, Oklahoma ",19,0.2,0.3
"Arlington Heights village, Illinois ",154,0.4,0.2
"Arnold city, Missouri ",0,0.0,0.3
"Arvin city, California ",0,0.0,0.6
"Asheboro city, North Carolina ",10,0.1,0.2
"Asheville city, North Carolina ",428,1.1,0.3
"Ashland city, Kentucky ",0,0.0,0.4
"Ashland city, Ohio ",49,0.6,0.4
"Ashland city, Oregon ",560,6.2,1.9
"Atascadero city, California ",58,0.4,0.4
"Athens city, Alabama ",0,0.0,0.4
"Athens city, Ohio ",208,2.2,0.9
"Atlantic City city, New Jersey ",166,1.1,0.6
"Attleboro city, Massachusetts ",39,0.2,0.2
"Atwater city, California ",18,0.2,0.2
"Auburn city, Alabama ",475,2.0,0.5
"Auburn city, Maine ",57,0.5,0.5
"Auburn city, New York ",54,0.4,0.4
"Auburn city, Washington ",97,0.3,0.2
"Auburn Hills city, Michigan ",43,0.4,0.4
"Austin city, Minnesota ",100,0.9,0.7
"Aventura city, Florida ",0,0.0,0.3
"Avon city, Ohio ",14,0.2,0.2
"Avon Lake city, Ohio ",78,0.7,0.7
"Avondale city, Arizona ",42,0.1,0.1
"Azusa city, California ",154,0.7,0.4
"Bainbridge Island city, Washington ",194,1.9,0.9
"Balch Springs city, Texas ",0,0.0,0.4
"Baldwin Park city, California ",294,1.0,0.5
"Ballwin city, Missouri ",0,0.0,0.2
"Bangor city, Maine ",50,0.3,0.3
"Banning city, California ",47,0.5,0.5
"Barberton city, Ohio ",8,0.1,0.1
"Barnstable Town city, Massachusetts ",49,0.2,0.2
"Barstow city, California ",29,0.3,0.5
"Bartlesville city, Oklahoma ",115,0.7,0.5
"Bartlett city, Tennessee ",36,0.1,0.2
"Bartlett village, Illinois ",28,0.1,0.1
"Batavia city, Illinois ",47,0.4,0.4
"Battle Creek city, Michigan ",61,0.3,0.2
"Bay City city, Michigan ",158,1.1,0.6
"Bayonne city, New Jersey ",71,0.2,0.2
"Baytown city, Texas ",83,0.3,0.3
"Beaumont city, California ",36,0.2,0.2
"Beavercreek city, Ohio ",116,0.5,0.3
"Beaverton city, Oregon ",564,1.3,0.4
"Bedford city, Texas ",54,0.2,0.1
"Bell city, California ",234,1.8,0.9
"Bell Gardens city, California ",173,1.1,0.5
"Bella Vista town, Arkansas ",0,0.0,0.3
"Belleville city, Illinois ",100,0.5,0.3
"Bellevue city, Nebraska ",31,0.1,0.1
"Bellflower city, California ",177,0.6,0.3
"Bellingham city, Washington ","1,578",4.0,1.0
"Belmont city, California ",42,0.3,0.3
"Beloit city, Wisconsin ",86,0.6,0.4
"Belton city, Missouri ",32,0.3,0.3
"Belvidere city, Illinois ",40,0.4,0.6
"Benbrook city, Texas ",42,0.4,0.4
"Bend city, Oregon ",844,2.3,0.7
"Benicia city, California ",90,0.7,0.6
"Benton city, Arkansas ",0,0.0,0.2
"Bentonville city, Arkansas ",24,0.1,0.2
"Bergenfield borough, New Jersey ",39,0.3,0.2
"Berwyn city, Illinois ",45,0.2,0.2
"Bessemer city, Alabama ",0,0.0,0.3
"Bethel Park municipality, Pennsylvania ",7,0.0,0.1
"Bethlehem city, Pennsylvania ",84,0.3,0.1
"Bettendorf city, Iowa ",34,0.2,0.2
"Beverly city, Massachusetts ",57,0.3,0.2
"Beverly Hills city, California ",87,0.5,0.5
"Biddeford city, Maine ",88,0.8,0.6
"Big Spring city, Texas ",33,0.4,0.4
"Biloxi city, Mississippi ",88,0.4,0.3
"Binghamton city, New York ",208,1.1,0.6
"Birmingham city, Michigan ",21,0.2,0.3
"Bismarck city, North Dakota ",271,0.8,0.3
"Bixby city, Oklahoma ",22,0.2,0.3
"Blacksburg town, Virginia ",531,3.1,1.0
"Blaine city, Minnesota ",30,0.1,0.1
"Bloomingdale village, Illinois ",0,0.0,0.3
"Bloomington city, Illinois ",205,0.5,0.2
"Bloomington city, Indiana ","1,260",3.6,0.7
"Bloomington city, Minnesota ",239,0.6,0.2
"Blue Island city, Illinois ",12,0.1,0.2
"Blue Springs city, Missouri ",52,0.2,0.3
"Blythe city, California ",12,0.2,0.3
"Boca Raton city, Florida ",438,1.1,0.5
"Bolingbrook village, Illinois ",27,0.1,0.1
"Bonita Springs city, Florida ",150,0.9,0.6
"Bossier City city, Louisiana ",101,0.3,0.2
"Bothell city, Washington ",204,1.2,0.7
"Bountiful city, Utah ",44,0.2,0.2
"Bowie city, Maryland ",25,0.1,0.1
"Bowling Green city, Kentucky ",127,0.5,0.3
"Bowling Green city, Ohio ",226,1.5,0.7
"Boynton Beach city, Florida ",187,0.6,0.3
"Bozeman city, Montana ","1,185",5.8,1.2
"Bradenton city, Florida ",151,0.7,0.5
"Braintree Town city, Massachusetts ",29,0.2,0.2
"Brandon city, Mississippi ",10,0.1,0.1
"Brawley city, California ",22,0.3,0.4
"Brea city, California ",73,0.4,0.3
"Bremerton city, Washington ",221,1.2,0.6
"Brentwood city, California ",11,0.1,0.1
"Brentwood city, Tennessee ",10,0.1,0.1
"Bridgeton city, New Jersey ",3,0.0,0.1
"Brighton city, Colorado ",34,0.2,0.2
"Bristol city, Connecticut ",36,0.1,0.1
"Bristol city, Tennessee ",15,0.1,0.2
"Brockton city, Massachusetts ",98,0.2,0.2
"Brookfield city, Wisconsin ",33,0.2,0.2
"Brookings city, South Dakota ",454,3.7,1.7
"Brooklyn Center city, Minnesota ",147,1.1,0.7
"Brooklyn Park city, Minnesota ",53,0.1,0.1
"Broomfield city, Colorado ",218,0.7,0.4
"Brownsburg town, Indiana ",0,0.0,0.3
"Brunswick city, Ohio ",12,0.1,0.1
"Bryan city, Texas ",454,1.3,0.6
"Buckeye town, Arizona ",27,0.1,0.2
"Buena Park city, California ",453,1.3,0.7
"Buffalo Grove village, Illinois ",114,0.5,0.3
"Bullhead City city, Arizona ",0,0.0,0.3
"Burbank city, Illinois ",59,0.5,0.4
"Burien city, Washington ",51,0.3,0.2
"Burleson city, Texas ",73,0.4,0.4
"Burlingame city, California ",126,0.9,0.6
"Burlington city, Iowa ",98,0.9,0.9
"Burlington city, North Carolina ",0,0.0,0.2
"Burlington city, Vermont ","1,101",5.0,1.2
"Burnsville city, Minnesota ",127,0.4,0.3
"Burton city, Michigan ",14,0.1,0.2
"Butte-Silver Bow (balance), Montana ",42,0.3,0.4
"Cabot city, Arkansas ",0,0.0,0.3
"Calabasas city, California ",0,0.0,0.4
"Caldwell city, Idaho ",52,0.3,0.3
"Caledonia village, Wisconsin ",26,0.2,0.2
"Calexico city, California ",60,0.5,0.6
"Calumet City city, Illinois ",74,0.5,0.6
"Camarillo city, California ",156,0.5,0.3
"Camas city, Washington ",64,0.8,0.5
"Camden city, New Jersey ",84,0.4,0.4
"Campbell city, California ",432,2.0,1.0
"Canton city, Georgia ",0,0.0,0.4
"Canton city, Ohio ",58,0.2,0.1
"Cape Girardeau city, Missouri ",128,0.7,0.8
"Carbondale city, Illinois ",381,3.6,1.2
"Carlsbad city, New Mexico ",0,0.0,0.3
"Carmel city, Indiana ",137,0.3,0.2
"Carol Stream village, Illinois ",66,0.3,0.4
"Carpentersville village, Illinois ",7,0.0,0.1
"Carrboro town, North Carolina ",605,5.3,2.1
"Carrollton city, Georgia ",43,0.5,0.4
"Carson city, California ",85,0.2,0.2
"Carson City, Nevada ",261,1.1,0.6
"Carteret borough, New Jersey ",61,0.6,0.6
"Casa Grande city, Arizona ",48,0.3,0.2
"Casper city, Wyoming ",195,0.7,0.3
"Casselberry city, Florida ",72,0.6,0.5
"Castle Rock town, Colorado ",18,0.1,0.1
"Cathedral City city, California ",50,0.2,0.2
"Cedar City city, Utah ",117,1.0,0.5
"Cedar Falls city, Iowa ",146,0.7,0.4
"Cedar Hill city, Texas ",19,0.1,0.1
"Cedar Park city, Texas ",42,0.2,0.2
"Centerville city, Ohio ",3,0.0,4.1
"Central city, Louisiana ",0,0.0,0.3
"Ceres city, California ",78,0.5,0.6
"Cerritos city, California ",35,0.2,0.2
"Chambersburg borough, Pennsylvania ",28,0.3,0.4
"Champaign city, Illinois ","1,075",2.7,0.6
"Champlin city, Minnesota ",52,0.4,0.3
"Chanhassen city, Minnesota ",35,0.3,0.4
"Chapel Hill town, North Carolina ",583,2.2,0.5
"Charleston city, Illinois ",110,1.1,0.7
"Charleston city, West Virginia ",49,0.2,0.1
"Charlottesville city, Virginia ",753,3.7,0.9
"Chaska city, Minnesota ",24,0.2,0.2
"Chelsea city, Massachusetts ",136,0.8,0.6
"Chester city, Pennsylvania ",104,0.9,0.8
"Chesterfield city, Missouri ",14,0.1,0.1
"Cheyenne city, Wyoming ",207,0.7,0.3
"Chicago Heights city, Illinois ",99,0.9,0.8
"Chico city, California ","2,239",5.8,1.0
"Chicopee city, Massachusetts ",129,0.5,0.6
"Chillicothe city, Ohio ",14,0.2,0.2
"Chino city, California ",97,0.3,0.2
"Chino Hills city, California ",206,0.6,0.7
"Christiansburg town, Virginia ",0,0.0,0.3
"Cicero town, Illinois ",312,0.9,0.5
"Citrus Heights city, California ",137,0.4,0.2
"Claremont city, California ",296,2.0,0.7
"Clarksville town, Indiana ",27,0.3,0.3
"Clearfield city, Utah ",39,0.3,0.3
"Cleburne city, Texas ",0,0.0,0.3
"Clermont city, Florida ",18,0.2,0.2
"Cleveland city, Tennessee ",51,0.3,0.3
"Cleveland Heights city, Ohio ",197,0.9,0.3
"Cliffside Park borough, New Jersey ",39,0.3,0.3
"Clifton city, New Jersey ",59,0.1,0.2
"Clinton city, Iowa ",58,0.5,0.4
"Clinton city, Mississippi ",0,0.0,0.3
"Clinton city, Utah ",13,0.1,0.2
"Clovis city, California ",156,0.4,0.2
"Clovis city, New Mexico ",58,0.4,0.3
"Coachella city, California ",15,0.1,0.2
"Coconut Creek city, Florida ",110,0.4,0.3
"Coeur d'Alene city, Idaho ",191,0.9,0.5
"College Park city, Maryland ",433,3.3,1.2
"College Station city, Texas ","1,126",2.6,0.5
"Colleyville city, Texas ",25,0.2,0.3
"Collierville town, Tennessee ",5,0.0,0.1
"Collinsville city, Illinois ",31,0.3,0.3
"Colton city, California ",133,0.6,0.6
"Columbia city, Tennessee ",54,0.4,0.5
"Columbus city, Indiana ",99,0.5,0.2
"Columbus city, Mississippi ",5,0.1,0.1
"Columbus city, Nebraska ",52,0.5,0.5
"Commerce City city, Colorado ",10,0.0,0.1
"Compton city, California ",154,0.5,0.2
"Concord city, New Hampshire ",93,0.4,0.3
"Concord city, North Carolina ",34,0.1,0.1
"Conroe city, Texas ",126,0.5,0.5
"Conway city, Arkansas ",104,0.4,0.2
"Cookeville city, Tennessee ",34,0.3,0.3
"Coon Rapids city, Minnesota ",101,0.3,0.2
"Cooper City city, Florida ",16,0.1,0.1
"Coppell city, Texas ",9,0.0,0.1
"Copperas Cove city, Texas ",25,0.2,0.2
"Coral Gables city, Florida ",144,0.7,0.5
"Corcoran city, California ",52,1.3,1.1
"Corinth city, Texas ",23,0.2,0.4
"Cornelius town, North Carolina ",7,0.1,0.1
"Coronado city, California ",527,4.8,1.3
"Corsicana city, Texas ",31,0.3,0.4
"Corvallis city, Oregon ","2,804",11.2,1.5
"Cottage Grove city, Minnesota ",64,0.4,0.3
"Cottonwood Heights city, Utah ",49,0.3,0.2
"Council Bluffs city, Iowa ",132,0.4,0.2
"Covina city, California ",134,0.6,0.4
"Covington city, Kentucky ",50,0.3,0.3
"Cranston city, Rhode Island ",92,0.3,0.2
"Crest Hill city, Illinois ",0,0.0,0.3
"Crestview city, Florida ",11,0.1,0.2
"Crown Point city, Indiana ",0,0.0,0.2
"Crystal city, Minnesota ",9,0.1,0.1
"Crystal Lake city, Illinois ",0,0.0,0.1
"Cudahy city, California ",74,0.8,0.8
"Culver City city, California ",219,1.1,0.5
"Cumberland city, Maryland ",0,0.0,0.4
"Cupertino city, California ",221,0.9,0.5
"Cutler Bay town, Florida ",28,0.2,0.2
"Cuyahoga Falls city, Ohio ",56,0.2,0.3
"Cypress city, California ",168,0.7,0.4
"Dalton city, Georgia ",29,0.2,0.3
"Dana Point city, California ",75,0.4,0.3
"Danbury city, Connecticut ",51,0.1,0.1
"Dania Beach city, Florida ",102,0.7,0.5
"Danville city, Illinois ",28,0.2,0.2
"Danville city, Virginia ",33,0.2,0.1
"Danville town, California ",29,0.2,0.2
"Daphne city, Alabama ",91,0.9,1.3
"Darien city, Illinois ",30,0.3,0.3
"Davie town, Florida ",216,0.5,0.3
"Davis city, California ","5,691",18.6,1.8
"Daytona Beach city, Florida ",429,1.9,0.7
"De Pere city, Wisconsin ",75,0.6,0.4
"Dearborn city, Michigan ",110,0.3,0.1
"Dearborn Heights city, Michigan ",32,0.2,0.2
"Decatur city, Alabama ",0,0.0,0.1
"Decatur city, Illinois ",54,0.2,0.1
"Deer Park city, Texas ",65,0.4,0.5
"Deerfield Beach city, Florida ",306,0.9,0.4
"DeKalb city, Illinois ",301,1.5,0.6
"Del City city, Oklahoma ",0,0.0,0.3
"Del Rio city, Texas ",125,0.9,0.5
"DeLand city, Florida ",159,1.6,1.2
"Delano city, California ",41,0.3,0.4
"Delaware city, Ohio ",46,0.3,0.2
"Delray Beach city, Florida ",188,0.7,0.4
"Deltona city, Florida ",58,0.2,0.2
"Denison city, Texas ",34,0.4,0.4
"Derby city, Kansas ",9,0.1,0.1
"Des Moines city, Washington ",24,0.2,0.3
"Des Plaines city, Illinois ",167,0.6,0.3
"Desert Hot Springs city, California ",0,0.0,0.4
"DeSoto city, Texas ",0,0.0,0.2
"Diamond Bar city, California ",7,0.0,0.1
"Dinuba city, California ",14,0.2,0.3
"Dodge City city, Kansas ",42,0.3,0.3
"Dolton village, Illinois ",0,0.0,0.3
"Doral city, Florida ",5,0.0,0.1
"Dothan city, Alabama ",51,0.2,0.1
"Douglasville city, Georgia ",1,0.0,0.1
"Dover city, Delaware ",12,0.1,0.1
"Dover city, New Hampshire ",43,0.3,0.3
"Downers Grove village, Illinois ",176,0.7,0.4
"Draper city, Utah ",35,0.2,0.2
"Duarte city, California ",14,0.2,0.2
"Dublin city, California ",69,0.3,0.2
"Dublin city, Ohio ",16,0.1,0.1
"Dubuque city, Iowa ",43,0.1,0.1
"Duluth city, Georgia ",0,0.0,0.3
"Duluth city, Minnesota ",343,0.8,0.3
"Duncan city, Oklahoma ",18,0.2,0.3
"Duncanville city, Texas ",14,0.1,0.1
"Dunedin city, Florida ",296,1.9,0.8
"Dunwoody city, Georgia ",32,0.1,0.2
"Eagan city, Minnesota ",128,0.4,0.2
"Eagle city, Idaho ",48,0.6,0.5
"Eagle Mountain city, Utah ",0,0.0,0.4
"Eagle Pass city, Texas ",11,0.1,0.2
"Easley city, South Carolina ",11,0.1,0.2
"East Chicago city, Indiana ",0,0.0,0.3
"East Lansing city, Michigan ","1,374",6.8,1.2
"East Moline city, Illinois ",0,0.0,0.3
"East Orange city, New Jersey ",17,0.1,0.1
"East Palo Alto city, California ",440,3.6,3.6
"East Peoria city, Illinois ",0,0.0,0.3
"East Point city, Georgia ",45,0.3,0.4
"East Providence city, Rhode Island ",78,0.4,0.3
"East Ridge city, Tennessee ",3,0.0,0.1
"East St. Louis city, Illinois ",48,0.6,0.5
"Easton city, Pennsylvania ",25,0.2,0.2
"Eastpointe city, Michigan ",0,0.0,0.2
"Eastvale city, California ",45,0.2,0.3
"Eau Claire city, Wisconsin ",389,1.1,0.3
"Eden Prairie city, Minnesota ",117,0.4,0.4
"Edgewater city, Florida ",82,0.9,0.9
"Edina city, Minnesota ",220,1.0,0.5
"Edinburg city, Texas ",90,0.3,0.2
"Edmond city, Oklahoma ",106,0.3,0.1
"Edmonds city, Washington ",54,0.3,0.2
"Edwardsville city, Illinois ",54,0.4,0.4
"El Centro city, California ",54,0.4,0.4
"El Cerrito city, California ",263,2.2,0.7
"El Mirage city, Arizona ",23,0.2,0.2
"El Paso de Robles (Paso Robles) city, Ca ",71,0.5,0.4
"Elizabethtown city, Kentucky ",0,0.0,0.3
"Elk Grove Village village, Illinois ",22,0.1,0.2
"Elk River city, Minnesota ",26,0.2,0.2
"Elkhart city, Indiana ",262,1.3,0.6
"Elmhurst city, Illinois ",46,0.2,0.2
"Elmira city, New York ",56,0.5,0.3
"Elmwood Park village, Illinois ",20,0.2,0.2
"Elyria city, Ohio ",104,0.4,0.3
"Emporia city, Kansas ",60,0.5,0.5
"Encinitas city, California ",470,1.6,0.5
"Englewood city, Colorado ",210,1.3,0.7
"Englewood city, New Jersey ",35,0.3,0.3
"Enid city, Oklahoma ",28,0.1,0.1
"Enterprise city, Alabama ",13,0.1,0.1
"Euclid city, Ohio ",14,0.1,0.1
"Euless city, Texas ",83,0.3,0.3
"Eureka city, California ",232,1.9,1.0
"Evanston city, Illinois ","1,073",3.0,0.5
"Everett city, Massachusetts ",162,0.7,0.5
"Fair Lawn borough, New Jersey ",9,0.1,0.1
"Fairbanks city, Alaska ",301,1.9,0.9
"Fairborn city, Ohio ",81,0.5,0.5
"Fairfax city, Virginia ",23,0.2,0.2
"Fairfield city, Ohio ",0,0.0,0.1
"Fall River city, Massachusetts ",90,0.3,0.2
"Faribault city, Minnesota ",12,0.1,0.2
"Farmers Branch city, Texas ",18,0.1,0.2
"Farmington city, Minnesota ",13,0.1,0.2
"Farmington city, New Mexico ",91,0.5,0.5
"Farmington city, Utah ",7,0.1,0.2
"Farmington Hills city, Michigan ",82,0.2,0.2
"Farragut town, Tennessee ",0,0.0,0.4
"Fayetteville city, Arkansas ",213,0.6,0.3
"Federal Way city, Washington ",49,0.1,0.1
"Ferguson city, Missouri ",9,0.1,0.2
"Ferndale city, Michigan ",62,0.6,0.5
"Findlay city, Ohio ",155,0.8,0.5
"Fishers town, Indiana ",49,0.1,0.1
"Fitchburg city, Massachusetts ",11,0.1,0.1
"Fitchburg city, Wisconsin ",119,0.9,0.6
"Flagstaff city, Arizona ","1,713",4.9,0.8
"Florence city, Alabama ",39,0.2,0.3
"Florence city, Kentucky ",28,0.2,0.2
"Florence city, South Carolina ",94,0.6,0.4
"Florence town, Arizona ",0,0.0,1.3
"Florissant city, Missouri ",31,0.1,0.1
"Flower Mound town, Texas ",38,0.1,0.1
"Folsom city, California ",240,0.8,0.4
"Fond du Lac city, Wisconsin ",258,1.2,0.5
"Forest Grove city, Oregon ",72,0.8,0.8
"Fort Dodge city, Iowa ",69,0.6,0.7
"Fort Lee borough, New Jersey ",5,0.0,0.1
"Fort Myers city, Florida ",292,1.2,0.6
"Fort Pierce city, Florida ",41,0.3,0.3
"Fort Smith city, Arkansas ",26,0.1,0.1
"Fort Walton Beach city, Florida ",77,0.8,0.6
"Foster City city, California ",68,0.5,0.3
"Fountain city, Colorado ",34,0.3,0.3
"Fountain Hills town, Arizona ",8,0.1,0.2
"Fountain Valley city, California ",106,0.4,0.2
"Frankfort city, Kentucky ",40,0.3,0.3
"Franklin city, Indiana ",21,0.2,0.2
"Franklin city, Tennessee ",45,0.1,0.2
"Franklin city, Wisconsin ",0,0.0,0.1
"Franklin Town city, Massachusetts ",44,0.3,0.4
"Frederick city, Maryland ",105,0.3,0.2
"Fredericksburg city, Virginia ",86,0.7,0.5
"Freeport city, Illinois ",106,1.0,0.7
"Freeport village, New York ",170,0.8,0.6
"Fremont city, Nebraska ",80,0.6,0.6
"Fridley city, Minnesota ",61,0.4,0.4
"Friendswood city, Texas ",25,0.1,0.2
"Gadsden city, Alabama ",8,0.1,0.1
"Gahanna city, Ohio ",24,0.1,0.2
"Gainesville city, Georgia ",11,0.1,0.1
"Gaithersburg city, Maryland ",148,0.5,0.4
"Galesburg city, Illinois ",89,0.7,0.5
"Gallatin city, Tennessee ",0,0.0,0.3
"Gallup city, New Mexico ",36,0.4,0.4
"Galt city, California ",0,0.0,0.4
"Galveston city, Texas ",586,2.7,0.7
"Garden City city, Kansas ",131,1.0,0.6
"Garden City city, Michigan ",44,0.4,0.3
"Garden City village, New York ",13,0.1,0.2
"Gardena city, California ",80,0.3,0.3
"Gardner city, Kansas ",0,0.0,0.3
"Gardner city, Massachusetts ",37,0.4,0.4
"Garfield city, New Jersey ",95,0.6,0.5
"Garfield Heights city, Ohio ",28,0.2,0.2
"Garner town, North Carolina ",0,0.0,0.3
"Gary city, Indiana ",59,0.2,0.2
"Gastonia city, North Carolina ",18,0.1,0.1
"Geneva city, Illinois ",26,0.3,0.3
"Georgetown city, Kentucky ",0,0.0,0.2
"Georgetown city, Texas ",19,0.1,0.1
"Germantown city, Tennessee ",0,0.0,0.2
"Gillette city, Wyoming ",30,0.2,0.3
"Gilroy city, California ",190,0.9,0.5
"Gladstone city, Missouri ",0,0.0,0.2
"Glen Cove city, New York ",25,0.2,0.2
"Glen Ellyn village, Illinois ",35,0.3,0.3
"Glendale Heights village, Illinois ",72,0.4,0.3
"Glendora city, California ",90,0.4,0.2
"Glenview village, Illinois ",44,0.2,0.2
"Gloucester city, Massachusetts ",69,0.5,0.4
"Golden Valley city, Minnesota ",190,1.8,1.6
"Goldsboro city, North Carolina ",79,0.6,0.3
"Goleta city, California ",844,5.4,1.3
"Goodyear city, Arizona ",16,0.1,0.1
"Goose Creek city, South Carolina ",61,0.3,0.2
"Goshen city, Indiana ",260,1.9,1.0
"Grand Forks city, North Dakota ",387,1.3,0.4
"Grand Island city, Nebraska ",175,0.7,0.5
"Grand Junction city, Colorado ",635,2.3,0.6
"Grandview city, Missouri ",0,0.0,0.3
"Granite City city, Illinois ",20,0.2,0.2
"Grants Pass city, Oregon ",181,1.4,0.7
"Grapevine city, Texas ",134,0.5,0.5
"Grayslake village, Illinois ",31,0.3,0.3
"Great Falls city, Montana ",272,1.0,0.4
"Greeley city, Colorado ",725,1.8,0.5
"Green city, Ohio ",0,0.0,0.2
"Greenacres city, Florida ",142,0.8,0.7
"Greenbelt city, Maryland ",24,0.2,0.2
"Greenfield city, Indiana ",40,0.4,0.5
"Greenfield city, Wisconsin ",55,0.3,0.3
"Greenville city, Mississippi ",10,0.1,0.1
"Greenville city, North Carolina ",181,0.4,0.2
"Greenville city, South Carolina ",72,0.3,0.2
"Greenville city, Texas ",0,0.0,0.4
"Greenwood city, Indiana ",28,0.1,0.1
"Greenwood city, South Carolina ",0,0.0,0.5
"Greer city, South Carolina ",25,0.2,0.3
"Griffin city, Georgia ",31,0.4,0.4
"Grove City city, Ohio ",40,0.2,0.2
"Gulfport city, Mississippi ",84,0.3,0.2
"Gurnee village, Illinois ",79,0.5,0.4
"Hackensack city, New Jersey ",96,0.4,0.4
"Hagerstown city, Maryland ",46,0.3,0.2
"Haines City city, Florida ",0,0.0,0.6
"Hallandale Beach city, Florida ",305,1.9,1.2
"Haltom City city, Texas ",45,0.2,0.2
"Hamilton city, Ohio ",53,0.2,0.2
"Hammond city, Indiana ",57,0.2,0.2
"Hammond city, Louisiana ",184,2.2,1.2
"Hamtramck city, Michigan ",11,0.2,0.3
"Hanford city, California ",173,0.8,0.6
"Hanover Park village, Illinois ",170,0.9,0.6
"Harker Heights city, Texas ",20,0.2,0.3
"Harlingen city, Texas ",135,0.6,0.4
"Harrisburg city, Pennsylvania ",91,0.5,0.4
"Harrison village, New York ",50,0.4,0.5
"Harrisonburg city, Virginia ",341,1.7,0.8
"Harvey city, Illinois ",0,0.0,0.4
"Hastings city, Minnesota ",48,0.4,0.3
"Hastings city, Nebraska ",39,0.3,0.3
"Hattiesburg city, Mississippi ",245,1.2,0.5
"Havelock city, North Carolina ",57,0.5,0.7
"Haverhill city, Massachusetts ",35,0.1,0.1
"Hawthorne city, California ",330,0.9,0.4
"Hays city, Kansas ",54,0.4,0.4
"Hazelwood city, Missouri ",0,0.0,0.2
"Hazleton city, Pennsylvania ",11,0.1,0.2
"Helena city, Montana ",488,3.3,1.1
"Hemet city, California ",50,0.2,0.2
"Hempstead village, New York ",255,1.0,0.9
"Henderson city, Kentucky ",22,0.2,0.2
"Hendersonville city, Tennessee ",11,0.0,0.1
"Hercules city, California ",38,0.3,0.4
"Herndon town, Virginia ",7,0.1,0.1
"Herriman city, Utah ",0,0.0,0.3
"Hesperia city, California ",54,0.2,0.2
"Hialeah Gardens city, Florida ",11,0.1,0.2
"Hickory city, North Carolina ",23,0.1,0.2
"Highland city, California ",22,0.1,0.1
"Highland Park city, Illinois ",90,0.6,0.4
"Highland town, Indiana ",10,0.1,0.1
"Hilliard city, Ohio ",12,0.1,0.1
"Hillsboro city, Oregon ",568,1.3,0.5
"Hilton Head Island town, South Carolina ",377,2.3,0.8
"Hinesville city, Georgia ",87,0.6,0.5
"Hobart city, Indiana ",42,0.3,0.3
"Hobbs city, New Mexico ",10,0.1,0.1
"Hoboken city, New Jersey ",187,0.6,0.4
"Hoffman Estates village, Illinois ",341,1.3,1.2
"Holladay city, Utah ",7,0.1,0.1
"Holland city, Michigan ",316,2.2,0.7
"Hollister city, California ",183,1.2,1.0
"Holly Springs town, North Carolina ",0,0.0,0.3
"Holyoke city, Massachusetts ",59,0.4,0.3
"Homer Glen village, Illinois ",0,0.0,0.2
"Homestead city, Florida ",162,0.6,0.4
"Homewood city, Alabama ",68,0.5,0.5
"Hoover city, Alabama ",0,0.0,0.1
"Hopewell city, Virginia ",20,0.2,0.3
"Hopkinsville city, Kentucky ",11,0.1,0.1
"Horn Lake city, Mississippi ",0,0.0,0.3
"Hot Springs city, Arkansas ",47,0.3,0.4
"Houma city, Louisiana ",76,0.5,0.5
"Huber Heights city, Ohio ",7,0.0,0.1
"Hudson city, Ohio ",23,0.2,0.3
"Huntersville town, North Carolina ",75,0.3,0.5
"Huntington city, West Virginia ",207,1.0,0.4
"Huntington Park city, California ",272,1.1,0.4
"Huntley village, Illinois ",29,0.3,0.3
"Huntsville city, Texas ",47,0.4,0.6
"Hurst city, Texas ",52,0.3,0.4
"Hutchinson city, Kansas ",58,0.3,0.2
"Idaho Falls city, Idaho ",256,1.0,0.5
"Imperial Beach city, California ",113,1.0,0.7
"Independence city, Kentucky ",0,0.0,0.3
"Indian Trail town, North Carolina ",14,0.1,0.1
"Indio city, California ",133,0.5,0.3
"Inkster city, Michigan ",6,0.1,0.1
"Inver Grove Heights city, Minnesota ",39,0.2,0.2
"Iowa City city, Iowa ","1,477",3.9,0.7
"Issaquah city, Washington ",121,0.8,0.7
"Ithaca city, New York ",283,2.2,1.0
"Jackson city, Michigan ",95,0.8,0.5
"Jackson city, Tennessee ",29,0.1,0.1
"Jacksonville Beach city, Florida ",267,2.3,1.1
"Jacksonville city, Arkansas ",16,0.1,0.2
"Jacksonville city, North Carolina ",303,0.8,0.6
"Jamestown city, New York ",52,0.4,0.4
"Janesville city, Wisconsin ",95,0.3,0.2
"Jefferson City city, Missouri ",23,0.1,0.1
"Jeffersontown city, Kentucky ",12,0.1,0.1
"Jeffersonville city, Indiana ",87,0.4,0.4
"Johns Creek city, Georgia ",80,0.2,0.2
"Johnson City city, Tennessee ",45,0.2,0.1
"Johnstown city, Pennsylvania ",10,0.1,0.2
"Jonesboro city, Arkansas ",104,0.3,0.2
"Joplin city, Missouri ",48,0.2,0.2
"Junction City city, Kansas ",8,0.1,0.1
"Juneau city and borough, Alaska ",213,1.3,0.5
"Jupiter town, Florida ",179,0.7,0.4
"Jurupa Valley city, California ",86,0.2,0.1
"Kalamazoo city, Michigan ",322,1.0,0.4
"Kalispell city, Montana ",188,2.1,1.3
"Kankakee city, Illinois ",42,0.4,0.3
"Kannapolis city, North Carolina ",35,0.2,0.2
"Kaysville city, Utah ",26,0.2,0.2
"Kearney city, Nebraska ",217,1.3,0.7
"Kearny town, New Jersey ",21,0.1,0.2
"Keene city, New Hampshire ",112,1.0,0.7
"Keizer city, Oregon ",159,1.0,0.6
"Keller city, Texas ",15,0.1,0.1
"Kenmore city, Washington ",51,0.5,0.5
"Kenner city, Louisiana ",111,0.3,0.4
"Kennesaw city, Georgia ",0,0.0,0.3
"Kennewick city, Washington ",92,0.3,0.2
"Kent city, Ohio ",191,1.3,0.7
"Kentwood city, Michigan ",197,0.8,0.6
"Kernersville town, North Carolina ",0,0.0,0.3
"Kerrville city, Texas ",31,0.4,0.4
"Kettering city, Ohio ",119,0.4,0.3
"Key West city, Florida ","2,439",17.4,2.9
"Kingman city, Arizona ",32,0.3,0.3
"Kingsport city, Tennessee ",37,0.2,0.2
"Kingston city, New York ",84,0.8,0.6
"Kingsville city, Texas ",15,0.1,0.2
"Kinston city, North Carolina ",20,0.3,0.3
"Kirkland city, Washington ",273,1.0,0.4
"Kirkwood city, Missouri ",15,0.1,0.2
"Kiryas Joel village, New York ",0,0.0,0.9
"Kissimmee city, Florida ",243,0.9,0.6
"Klamath Falls city, Oregon ",31,0.3,0.3
"Kokomo city, Indiana ",141,0.7,0.3
"Kyle city, Texas ",0,0.0,0.3
"La Ca–ada Flintridge city, California ",12,0.1,0.2
"La Crosse city, Wisconsin ",701,2.6,0.7
"La Habra city, California ",143,0.5,0.3
"La Mesa city, California ",110,0.4,0.3
"La Mirada city, California ",134,0.6,0.3
"La Porte city, Indiana ",41,0.4,0.5
"La Porte city, Texas ",62,0.4,0.4
"La Puente city, California ",244,1.4,0.9
"La Quinta city, California ",158,1.0,0.8
"La Vergne city, Tennessee ",10,0.1,0.1
"La Verne city, California ",69,0.5,0.4
"Lacey city, Washington ",90,0.5,0.3
"Lafayette city, California ",30,0.3,0.3
"Lafayette city, Colorado ",130,1.0,0.5
"Lafayette city, Indiana ",232,0.7,0.4
"LaGrange city, Georgia ",6,0.1,0.1
"Laguna Beach city, California ",60,0.5,0.5
"Laguna Hills city, California ",138,0.9,0.6
"Laguna Niguel city, California ",54,0.2,0.2
"Lake Charles city, Louisiana ",81,0.3,0.2
"Lake Elsinore city, California ",0,0.0,0.2
"Lake Forest city, California ",246,0.6,0.3
"Lake Havasu City city, Arizona ",47,0.2,0.2
"Lake in the Hills village, Illinois ",0,0.0,0.2
"Lake Jackson city, Texas ",7,0.1,0.1
"Lake Oswego city, Oregon ",98,0.6,0.4
"Lake Stevens city, Washington ",0,0.0,0.2
"Lake Worth city, Florida ",126,0.8,0.7
"Lakeland city, Florida ",206,0.5,0.3
"Lakeville city, Minnesota ",55,0.2,0.2
"Lakewood city, California ",247,0.6,0.3
"Lakewood city, Ohio ",171,0.6,0.3
"Lakewood city, Washington ",128,0.5,0.4
"Lancaster city, Ohio ",34,0.2,0.2
"Lancaster city, Pennsylvania ",200,0.8,0.4
"Lancaster city, Texas ",0,0.0,0.2
"Lansing village, Illinois ",3,0.0,0.1
"Laramie city, Wyoming ","1,088",6.8,1.8
"Largo city, Florida ",441,1.4,0.6
"Lauderdale Lakes city, Florida ",15,0.1,0.2
"Lauderhill city, Florida ",51,0.2,0.2
"Laurel city, Maryland ",143,1.0,1.2
"Lawndale city, California ",316,2.2,1.2
"Lawrence city, Indiana ",0,0.0,0.1
"Lawrence city, Kansas ",885,1.9,0.6
"Lawrence city, Massachusetts ",9,0.0,0.1
"Lawrenceville city, Georgia ",0,0.0,0.3
"Lawton city, Oklahoma ",75,0.2,0.1
"Layton city, Utah ",42,0.1,0.1
"League City city, Texas ",87,0.2,0.2
"Leander city, Texas ",7,0.1,0.1
"Leavenworth city, Kansas ",159,1.1,0.6
"Leawood city, Kansas ",14,0.1,0.1
"Lebanon city, Ohio ",0,0.0,0.3
"Lebanon city, Pennsylvania ",118,1.1,0.9
"Lebanon city, Tennessee ",12,0.1,0.2
"Lee's Summit city, Missouri ",8,0.0,0.1
"Leesburg city, Florida ",50,0.7,0.9
"Leesburg town, Virginia ",69,0.3,0.4
"Lehi city, Utah ",26,0.1,0.2
"Lemon Grove city, California ",31,0.3,0.2
"Lemoore city, California ",60,0.5,0.7
"Lenexa city, Kansas ",47,0.2,0.1
"Leominster city, Massachusetts ",45,0.2,0.4
"Lewiston city, Idaho ",80,0.5,0.4
"Lewiston city, Maine ",65,0.4,0.3
"Lewisville city, Texas ",291,0.6,0.3
"Liberal city, Kansas ",110,1.2,1.2
"Liberty city, Missouri ",4,0.0,0.1
"Libertyville village, Illinois ",90,0.9,0.6
"Lima city, Ohio ",45,0.3,0.3
"Lincoln city, California ",118,0.8,0.6
"Lincoln Park city, Michigan ",52,0.4,0.3
"Linden city, New Jersey ",22,0.1,0.1
"Lindenhurst village, New York ",0,0.0,0.2
"Lino Lakes city, Minnesota ",38,0.4,0.3
"Lisle village, Illinois ",10,0.1,0.1
"Little Elm city, Texas ",0,0.0,0.3
"Littleton city, Colorado ",93,0.4,0.2
"Livermore city, California ",480,1.2,0.3
"Livonia city, Michigan ",45,0.1,0.1
"Lockport city, Illinois ",0,0.0,0.2
"Lockport city, New York ",57,0.6,0.5
"Lodi borough, New Jersey ",84,0.7,0.6
"Lodi city, California ",173,0.7,0.3
"Logan city, Utah ",982,4.1,1.1
"Loma Linda city, California ",93,0.9,0.8
"Lombard village, Illinois ",143,0.6,0.7
"Lomita city, California ",147,1.5,0.9
"Lompoc city, California ",81,0.5,0.3
"Long Beach city, New York ",194,1.1,0.5
"Long Branch city, New Jersey ",296,1.9,1.4
"Longmont city, Colorado ",410,1.0,0.3
"Longview city, Texas ",133,0.4,0.3
"Longview city, Washington ",141,1.0,0.5
"Lorain city, Ohio ",72,0.3,0.3
"Los Altos city, California ",216,1.8,0.9
"Los Banos city, California ",48,0.4,0.4
"Los Gatos town, California ",96,0.7,0.5
"Loveland city, Colorado ",297,0.9,0.4
"Loves Park city, Illinois ",36,0.3,0.4
"Lufkin city, Texas ",72,0.5,0.4
"Lumberton city, North Carolina ",13,0.2,0.3
"Lynchburg city, Virginia ",34,0.1,0.1
"Lynn city, Massachusetts ",280,0.7,0.5
"Lynnwood city, Washington ",31,0.2,0.2
"Lynwood city, California ",114,0.5,0.3
"Machesney Park village, Illinois ",21,0.2,0.2
"Macon city, Georgia ",46,0.1,0.1
"Madera city, California ",89,0.5,0.4
"Madison city, Alabama ",56,0.3,0.3
"Madison city, Mississippi ",0,0.0,0.3
"Madison Heights city, Michigan ",45,0.3,0.3
"Malden city, Massachusetts ",240,0.8,0.5
"Manassas city, Virginia ",65,0.3,0.5
"Manhattan Beach city, California ",123,0.7,0.4
"Manhattan city, Kansas ",357,1.2,0.5
"Manitowoc city, Wisconsin ",146,0.9,0.5
"Mankato city, Minnesota ",175,0.8,0.3
"Mansfield city, Ohio ",11,0.1,0.1
"Mansfield city, Texas ",0,0.0,0.1
"Manteca city, California ",80,0.3,0.2
"Maple Grove city, Minnesota ",69,0.2,0.1
"Maple Heights city, Ohio ",28,0.3,0.4
"Maple Valley city, Washington ",13,0.1,0.2
"Maplewood city, Minnesota ",76,0.4,0.3
"Marana town, Arizona ",28,0.2,0.2
"Margate city, Florida ",115,0.5,0.3
"Maricopa city, Arizona ",158,0.8,0.9
"Marietta city, Georgia ",125,0.4,0.4
"Marina city, California ",73,0.8,0.6
"Marion city, Indiana ",79,0.7,0.4
"Marion city, Iowa ",79,0.4,0.4
"Marion city, Ohio ",0,0.0,0.2
"Marlborough city, Massachusetts ",0,0.0,0.2
"Marquette city, Michigan ",224,2.2,1.0
"Marshall city, Texas ",0,0.0,0.4
"Marshalltown city, Iowa ",157,1.3,0.8
"Martinez city, California ",111,0.6,0.4
"Maryland Heights city, Missouri ",0,0.0,0.2
"Marysville city, Ohio ",5,0.1,0.1
"Marysville city, Washington ",63,0.2,0.2
"Maryville city, Tennessee ",37,0.3,0.3
"Mason City city, Iowa ",138,1.0,0.6
"Mason city, Ohio ",11,0.1,0.1
"Massillon city, Ohio ",12,0.1,0.1
"Matthews town, North Carolina ",14,0.1,0.2
"Mauldin city, South Carolina ",0,0.0,0.3
"Maywood city, California ",177,1.6,0.9
"Maywood village, Illinois ",0,0.0,0.3
"McDonough city, Georgia ",40,0.5,0.7
"McHenry city, Illinois ",13,0.1,0.2
"McMinnville city, Oregon ",283,2.1,1.3
"Medford city, Massachusetts ",542,1.7,0.5
"Medford city, Oregon ",349,1.1,0.5
"Medina city, Ohio ",25,0.2,0.2
"Melbourne city, Florida ",258,0.8,0.4
"Melrose city, Massachusetts ",157,1.1,0.7
"Melrose Park village, Illinois ",25,0.2,0.3
"Menifee city, California ",95,0.3,0.3
"Menlo Park city, California ","1,186",7.6,1.6
"Menomonee Falls village, Wisconsin ",0,0.0,0.1
"Mentor city, Ohio ",31,0.1,0.2
"Mequon city, Wisconsin ",32,0.3,0.4
"Merced city, California ",165,0.6,0.3
"Mercer Island city, Washington ",84,0.8,0.6
"Meriden city, Connecticut ",49,0.2,0.2
"Meridian city, Idaho ",85,0.3,0.2
"Meridian city, Mississippi ",0,0.0,0.2
"Merrillville town, Indiana ",14,0.1,0.1
"Methuen Town city, Massachusetts ",11,0.0,0.1
"Miami Beach city, Florida ","2,449",5.1,1.2
"Miami Lakes town, Florida ",0,0.0,0.3
"Miamisburg city, Ohio ",0,0.0,0.3
"Michigan City city, Indiana ",36,0.3,0.4
"Middletown city, Connecticut ",44,0.2,0.2
"Middletown city, New York ",48,0.4,0.4
"Middletown city, Ohio ",20,0.1,0.1
"Midland city, Michigan ",265,1.4,0.6
"Midvale city, Utah ",28,0.2,0.2
"Midwest City city, Oklahoma ",127,0.5,0.3
"Milford city (balance), Connecticut ",28,0.1,0.1
"Millbrae city, California ",20,0.2,0.2
"Millville city, New Jersey ",50,0.4,0.4
"Milpitas city, California ",39,0.1,0.1
"Milton city, Georgia ",0,0.0,0.3
"Milwaukie city, Oregon ",82,0.8,0.5
"Minnetonka city, Minnesota ",138,0.5,0.2
"Minot city, North Dakota ",128,0.6,0.4
"Mint Hill town, North Carolina ",0,0.0,0.4
"Mishawaka city, Indiana ",133,0.6,0.3
"Mission city, Texas ",40,0.1,0.2
"Mission Viejo city, California ",70,0.2,0.1
"Missoula city, Montana ","2,160",6.2,0.9
"Missouri City city, Texas ",0,0.0,0.1
"Moline city, Illinois ",88,0.4,0.3
"Monroe city, Louisiana ",71,0.4,0.3
"Monroe city, Michigan ",24,0.3,0.3
"Monroe city, North Carolina ",19,0.1,0.2
"Monroeville municipality, Pennsylvania ",0,0.0,0.2
"Monrovia city, California ",133,0.7,0.5
"Montclair city, California ",56,0.4,0.4
"Montebello city, California ",64,0.3,0.2
"Monterey city, California ",477,3.1,1.0
"Monterey Park city, California ",113,0.4,0.3
"Moore city, Oklahoma ",22,0.1,0.1
"Mooresville town, North Carolina ",13,0.1,0.2
"Moorhead city, Minnesota ",177,0.9,0.4
"Moorpark city, California ",29,0.2,0.2
"Morgan Hill city, California ",142,0.8,0.5
"Morgantown city, West Virginia ",72,0.6,0.5
"Morristown city, Tennessee ",13,0.1,0.2
"Morrisville town, North Carolina ",62,0.6,0.5
"Morton Grove village, Illinois ",60,0.5,0.4
"Moscow city, Idaho ",581,5.0,1.6
"Moses Lake city, Washington ",10,0.1,0.2
"Mount Juliet city, Tennessee ",0,0.0,0.3
"Mount Pleasant city, Michigan ",373,3.4,1.2
"Mount Pleasant town, South Carolina ",261,0.8,0.4
"Mount Pleasant village, Wisconsin ",0,0.0,0.2
"Mount Prospect village, Illinois ",160,0.6,0.3
"Mount Vernon city, New York ",0,0.0,0.1
"Mount Vernon city, Washington ",70,0.5,0.5
"Mountain Brook city, Alabama ",35,0.4,0.4
"Mountain View city, California ","1,707",4.2,0.8
"Mountlake Terrace city, Washington ",41,0.4,0.3
"Mukilteo city, Washington ",31,0.3,0.3
"Muncie city, Indiana ",452,1.6,0.5
"Mundelein village, Illinois ",29,0.2,0.2
"Munster town, Indiana ",14,0.1,0.2
"Murray city, Utah ",127,0.5,0.3
"Murrysville municipality, Pennsylvania ",23,0.2,0.3
"Muscatine city, Iowa ",9,0.1,0.1
"Muskego city, Wisconsin ",0,0.0,0.2
"Muskegon city, Michigan ",63,0.5,0.4
"Muskogee city, Oklahoma ",5,0.0,0.1
"Myrtle Beach city, South Carolina ",189,1.5,0.9
"Nacogdoches city, Texas ",108,0.8,0.6
"Nampa city, Idaho ",88,0.3,0.2
"Napa city, California ",320,0.9,0.5
"Naples city, Florida ",121,2.0,1.2
"Nashua city, New Hampshire ",71,0.2,0.2
"National City city, California ",161,0.6,0.4
"Naugatuck borough, Connecticut ",0,0.0,0.2
"Neenah city, Wisconsin ",73,0.6,0.4
"New Albany city, Indiana ",29,0.2,0.2
"New Bedford city, Massachusetts ",119,0.3,0.2
"New Berlin city, Wisconsin ",70,0.3,0.3
"New Bern city, North Carolina ",18,0.2,0.2
"New Braunfels city, Texas ",56,0.2,0.2
"New Brighton city, Minnesota ",36,0.3,0.3
"New Britain city, Connecticut ",54,0.2,0.2
"New Brunswick city, New Jersey ",240,1.0,0.4
"New Castle city, Pennsylvania ",68,0.8,0.9
"New Hope city, Minnesota ",61,0.6,0.4
"New Iberia city, Louisiana ",48,0.4,0.4
"New Lenox village, Illinois ",12,0.1,0.2
"New London city, Connecticut ",16,0.1,0.1
"New Rochelle city, New York ",30,0.1,0.1
"New Smyrna Beach city, Florida ",44,0.5,0.5
"Newark city, California ",79,0.4,0.3
"Newark city, Delaware ",328,2.4,0.7
"Newark city, Ohio ",134,0.6,0.4
"Newberg city, Oregon ",173,1.6,1.0
"Newburgh city, New York ",67,0.6,0.7
"Newnan city, Georgia ",16,0.1,0.2
"Newport Beach city, California ",378,0.9,0.4
"Newport city, Rhode Island ",333,2.4,1.1
"Newton city, Massachusetts ",470,1.1,0.3
"Niagara Falls city, New York ",72,0.3,0.2
"Nicholasville city, Kentucky ",0,0.0,0.3
"Niles village, Illinois ",116,0.9,0.8
"Noblesville city, Indiana ",26,0.1,0.1
"Nogales city, Arizona ",8,0.1,0.2
"Norco city, California ",14,0.1,0.2
"Norfolk city, Nebraska ",55,0.5,0.4
"Normal town, Illinois ",317,1.2,0.4
"Norristown borough, Pennsylvania ",182,1.1,0.8
"North Augusta city, South Carolina ",24,0.3,0.3
"North Chicago city, Illinois ",9,0.1,0.1
"North Lauderdale city, Florida ",98,0.5,0.5
"North Little Rock city, Arkansas ",38,0.1,0.2
"North Miami Beach city, Florida ",103,0.5,0.4
"North Miami city, Florida ",0,0.0,0.2
"North Olmsted city, Ohio ",20,0.1,0.1
"North Plainfield borough, New Jersey ",136,1.1,0.9
"North Platte city, Nebraska ",37,0.3,0.3
"North Port city, Florida ",139,0.6,0.2
"North Richland Hills city, Texas ",42,0.1,0.1
"North Ridgeville city, Ohio ",17,0.1,0.2
"North Royalton city, Ohio ",42,0.3,0.2
"North Tonawanda city, New York ",28,0.2,0.2
"Northampton city, Massachusetts ",473,3.1,0.9
"Northbrook village, Illinois ",27,0.2,0.2
"Northfield city, Minnesota ",212,1.9,0.7
"Northglenn city, Colorado ",48,0.3,0.3
"Northport city, Alabama ",6,0.1,0.1
"Norton Shores city, Michigan ",62,0.6,0.5
"Norwalk city, Connecticut ",81,0.2,0.1
"Norwich city, Connecticut ",6,0.0,0.1
"Novato city, California ",133,0.5,0.4
"Novi city, Michigan ",100,0.4,0.3
"Oak Creek city, Wisconsin ",12,0.1,0.1
"Oak Forest city, Illinois ",0,0.0,0.2
"Oak Harbor city, Washington ",12,0.1,0.2
"Oak Lawn village, Illinois ",37,0.1,0.1
"Oak Park city, Michigan ",47,0.4,0.4
"Oak Park village, Illinois ",462,1.7,0.6
"Oak Ridge city, Tennessee ",13,0.1,0.1
"Oakdale city, California ",81,1.0,0.7
"Oakdale city, Minnesota ",43,0.3,0.2
"Oakland Park city, Florida ",166,0.8,0.5
"Oakley city, California ",90,0.6,0.4
"Ocala city, Florida ",210,1.0,0.5
"Ocoee city, Florida ",0,0.0,0.2
"O'Fallon city, Illinois ",20,0.1,0.2
"O'Fallon city, Missouri ",41,0.1,0.1
"Ogden city, Utah ",223,0.6,0.3
"Olive Branch city, Mississippi ",0,0.0,0.2
"Olympia city, Washington ",950,4.1,1.2
"Opelika city, Alabama ",24,0.2,0.1
"Oregon City city, Oregon ",52,0.4,0.3
"Oregon city, Ohio ",0,0.0,0.3
"Orem city, Utah ",539,1.3,0.4
"Orland Park village, Illinois ",42,0.2,0.1
"Ormond Beach city, Florida ",161,1.0,0.5
"Oro Valley town, Arizona ",62,0.4,0.3
"Oshkosh city, Wisconsin ",380,1.2,0.5
"Ossining village, New York ",7,0.1,0.1
"Oswego village, Illinois ",13,0.1,0.1
"Ottumwa city, Iowa ",75,0.7,0.6
"Oviedo city, Florida ",39,0.2,0.3
"Owasso city, Oklahoma ",43,0.3,0.3
"Owatonna city, Minnesota ",90,0.7,0.5
"Owensboro city, Kentucky ",144,0.6,0.3
"Oxford city, Alabama ",4,0.0,0.1
"Oxford city, Mississippi ",108,1.3,1.0
"Oxford city, Ohio ",158,1.8,1.0
"Pacifica city, California ",22,0.1,0.1
"Paducah city, Kentucky ",41,0.4,0.4
"Palatine village, Illinois ",124,0.3,0.3
"Palm Beach Gardens city, Florida ",68,0.3,0.2
"Palm Coast city, Florida ",57,0.2,0.2
"Palm Desert city, California ",105,0.6,0.4
"Palm Springs city, California ",179,0.9,0.5
"Palm Springs village, Florida ",8,0.1,0.1
"Palmetto Bay village, Florida ",32,0.3,0.3
"Palo Alto city, California ","2,562",8.5,1.1
"Panama City city, Florida ",213,1.3,0.8
"Papillion city, Nebraska ",14,0.1,0.2
"Paradise town, California ",92,1.0,1.0
"Paragould city, Arkansas ",0,0.0,0.3
"Paramount city, California ",173,0.8,0.4
"Paramus borough, New Jersey ",0,0.0,0.3
"Paris city, Texas ",79,0.8,0.7
"Park Forest village, Illinois ",23,0.2,0.3
"Park Ridge city, Illinois ",30,0.2,0.2
"Parker town, Colorado ",40,0.2,0.2
"Parkersburg city, West Virginia ",59,0.5,0.4
"Parkland city, Florida ",0,0.0,0.4
"Parma city, Ohio ",0,0.0,0.1
"Parma Heights city, Ohio ",10,0.1,0.2
"Pascagoula city, Mississippi ",47,0.5,0.5
"Pasco city, Washington ",0,0.0,0.1
"Passaic city, New Jersey ",234,0.9,0.6
"Patterson city, California ",98,1.3,1.2
"Pawtucket city, Rhode Island ",208,0.6,0.3
"Peabody city, Massachusetts ",71,0.3,0.2
"Peachtree City city, Georgia ",41,0.3,0.3
"Pearl city, Mississippi ",12,0.1,0.2
"Pearland city, Texas ",0,0.0,0.1
"Peekskill city, New York ",31,0.3,0.4
"Pekin city, Illinois ",54,0.4,0.3
"Pelham city, Alabama ",0,0.0,0.3
"Pensacola city, Florida ",227,0.9,0.5
"Perris city, California ",20,0.1,0.1
"Perrysburg city, Ohio ",8,0.1,0.1
"Perth Amboy city, New Jersey ",33,0.2,0.2
"Petaluma city, California ",437,1.5,0.5
"Petersburg city, Virginia ",32,0.3,0.3
"Pflugerville city, Texas ",40,0.2,0.3
"Pharr city, Texas ",35,0.2,0.2
"Phenix City city, Alabama ",54,0.4,0.4
"Pico Rivera city, California ",255,1.0,0.4
"Pine Bluff city, Arkansas ",28,0.2,0.1
"Pinellas Park city, Florida ",165,0.8,0.5
"Piqua city, Ohio ",27,0.3,0.3
"Pittsburg city, California ",52,0.2,0.2
"Pittsburg city, Kansas ",133,1.5,0.7
"Pittsfield city, Massachusetts ",185,0.9,0.4
"Placentia city, California ",274,1.2,0.5
"Plainfield city, New Jersey ",288,1.1,0.5
"Plainfield town, Indiana ",9,0.1,0.1
"Plainfield village, Illinois ",0,0.0,0.2
"Plainview city, Texas ",14,0.2,0.2
"Plant City city, Florida ",112,0.7,0.4
"Plantation city, Florida ",65,0.1,0.1
"Pleasant Grove city, Utah ",22,0.2,0.2
"Pleasant Hill city, California ",119,0.7,0.5
"Pleasant Prairie village, Wisconsin ",0,0.0,0.2
"Pleasanton city, California ",277,0.8,0.4
"Pleasantville city, New Jersey ",18,0.2,0.3
"Plum borough, Pennsylvania ",0,0.0,0.2
"Plymouth city, Minnesota ",197,0.5,0.3
"Pocatello city, Idaho ",362,1.4,0.5
"Ponca City city, Oklahoma ",6,0.1,0.1
"Pontiac city, Michigan ",31,0.1,0.2
"Pooler city, Georgia ",47,0.5,0.6
"Port Arthur city, Texas ",126,0.6,0.4
"Port Chester village, New York ",53,0.3,0.4
"Port Hueneme city, California ",112,1.2,0.9
"Port Huron city, Michigan ",218,1.9,1.1
"Port Orange city, Florida ",67,0.3,0.3
"Portage city, Indiana ",27,0.2,0.3
"Portage city, Michigan ",37,0.2,0.1
"Porterville city, California ",231,1.2,0.7
"Portland city, Maine ",660,1.8,0.6
"Portsmouth city, New Hampshire ",199,1.6,0.9
"Portsmouth city, Ohio ",21,0.3,0.4
"Portsmouth city, Virginia ",269,0.6,0.2
"Post Falls city, Idaho ",58,0.5,0.6
"Pottstown borough, Pennsylvania ",55,0.5,0.4
"Poughkeepsie city, New York ",107,0.8,0.5
"Poway city, California ",180,0.8,0.5
"Prairie Village city, Kansas ",40,0.3,0.3
"Prattville city, Alabama ",0,0.0,0.2
"Prescott city, Arizona ",200,1.4,0.9
"Prescott Valley town, Arizona ",131,0.8,0.8
"Prichard city, Alabama ",10,0.1,0.2
"Prior Lake city, Minnesota ",10,0.1,0.1
"Pullman city, Washington ",321,2.4,1.0
"Puyallup city, Washington ",94,0.5,0.4
"Queen Creek town, Arizona ",0,0.0,0.3
"Quincy city, Illinois ",31,0.2,0.2
"Quincy city, Massachusetts ",70,0.1,0.1
"Racine city, Wisconsin ",89,0.3,0.3
"Radcliff city, Kentucky ",7,0.1,0.1
"Rahway city, New Jersey ",13,0.1,0.1
"Ramsey city, Minnesota ",17,0.1,0.2
"Rancho Cordova city, California ",229,0.8,0.4
"Rancho Palos Verdes city, California ",24,0.1,0.2
"Rancho Santa Margarita city, California ",47,0.2,0.2
"Rapid City city, South Dakota ",225,0.7,0.3
"Raytown city, Missouri ",0,0.0,0.2
"Reading city, Pennsylvania ",186,0.6,0.3
"Redding city, California ",349,1.0,0.4
"Redlands city, California ",426,1.4,0.7
"Redmond city, Oregon ",64,0.6,0.6
"Redmond city, Washington ",359,1.2,0.5
"Redondo Beach city, California ",482,1.3,0.5
"Redwood City city, California ",642,1.7,0.6
"Reedley city, California ",76,0.8,0.6
"Renton city, Washington ",71,0.1,0.1
"Revere city, Massachusetts ",27,0.1,0.1
"Rexburg city, Idaho ",486,4.5,1.6
"Reynoldsburg city, Ohio ",18,0.1,0.2
"Richfield city, Minnesota ",158,0.8,0.4
"Richland city, Washington ",175,0.8,0.4
"Richmond city, Indiana ",62,0.4,0.4
"Richmond city, Kentucky ",278,1.9,1.4
"Ridgecrest city, California ",195,1.6,0.8
"Ridgeland city, Mississippi ",17,0.1,0.2
"Ridgewood village, New Jersey ",11,0.1,0.2
"Rio Rancho city, New Mexico ",153,0.4,0.2
"Riverbank city, California ",8,0.1,0.2
"Riverside city, Ohio ",0,0.0,0.3
"Riverton city, Utah ",21,0.1,0.1
"Riviera Beach city, Florida ",53,0.4,0.4
"Roanoke city, Virginia ",72,0.2,0.1
"Rochester city, New Hampshire ",1,0.0,0.1
"Rochester Hills city, Michigan ",122,0.3,0.2
"Rock Hill city, South Carolina ",107,0.3,0.3
"Rock Island city, Illinois ",93,0.5,0.4
"Rock Springs city, Wyoming ",14,0.1,0.2
"Rockledge city, Florida ",70,0.6,0.4
"Rocklin city, California ",59,0.2,0.2
"Rockville Centre village, New York ",7,0.1,0.1
"Rockville city, Maryland ",161,0.5,0.3
"Rockwall city, Texas ",0,0.0,0.2
"Rocky Mount city, North Carolina ",23,0.1,0.1
"Rocky River city, Ohio ",16,0.2,0.3
"Rogers city, Arkansas ",39,0.1,0.1
"Rohnert Park city, California ",504,2.5,1.2
"Rolling Meadows city, Illinois ",50,0.4,0.4
"Rome city, Georgia ",154,1.1,0.7
"Rome city, New York ",19,0.1,0.2
"Romeoville village, Illinois ",0,0.0,0.2
"Romulus city, Michigan ",0,0.0,0.3
"Roseburg city, Oregon ",280,3.4,1.8
"Roselle borough, New Jersey ",18,0.2,0.2
"Roselle village, Illinois ",14,0.1,0.2
"Rosemead city, California ",193,0.8,0.5
"Rosemount city, Minnesota ",16,0.1,0.2
"Rosenberg city, Texas ",72,0.5,0.7
"Roseville city, Michigan ",104,0.5,0.3
"Roseville city, Minnesota ",301,1.8,0.7
"Roswell city, Georgia ",31,0.1,0.1
"Roswell city, New Mexico ",58,0.3,0.2
"Round Lake Beach village, Illinois ",0,0.0,0.2
"Rowlett city, Texas ",39,0.1,0.2
"Roy city, Utah ",49,0.3,0.3
"Royal Oak city, Michigan ",122,0.4,0.2
"Royal Palm Beach village, Florida ",154,1.0,0.6
"Russellville city, Arkansas ",70,0.5,0.5
"Ruston city, Louisiana ",36,0.4,0.5
"Saginaw city, Michigan ",98,0.6,0.6
"Saginaw city, Texas ",13,0.1,0.2
"Sahuarita town, Arizona ",9,0.1,0.1
"Salem city, Massachusetts ",155,0.7,0.4
"Salem city, Virginia ",34,0.3,0.3
"Salina city, Kansas ",89,0.4,0.3
"Salisbury city, Maryland ",97,0.8,0.6
"Salisbury city, North Carolina ",83,0.7,0.5
"Sammamish city, Washington ",69,0.3,0.2
"San Angelo city, Texas ",122,0.3,0.2
"San Benito city, Texas ",42,0.5,0.6
"San Bruno city, California ",66,0.3,0.4
"San Carlos city, California ",127,0.9,0.4
"San Clemente city, California ",189,0.6,0.3
"San Dimas city, California ",143,0.9,0.7
"San Fernando city, California ",109,1.1,1.0
"San Gabriel city, California ",158,0.9,0.4
"San Jacinto city, California ",83,0.6,0.5
"San Juan Capistrano city, California ",304,2.0,1.8
"San Juan city, Texas ",19,0.2,0.3
"San Leandro city, California ",201,0.5,0.2
"San Luis city, Arizona ",24,0.4,0.6
"San Luis Obispo city, California ","1,506",6.6,1.3
"San Marcos city, California ",9,0.0,0.1
"San Marcos city, Texas ",164,0.8,0.5
"San Mateo city, California ",896,1.8,0.5
"San Pablo city, California ",110,0.9,0.9
"San Rafael city, California ",516,1.8,0.9
"San Ramon city, California ",155,0.4,0.3
"Sandusky city, Ohio ",106,1.0,0.6
"Sandy city, Utah ",198,0.5,0.3
"Sandy Springs city, Georgia ",10,0.0,0.1
"Sanford city, Florida ",94,0.4,0.3
"Sanford city, North Carolina ",22,0.2,0.2
"Sanger city, California ",58,0.6,0.6
"Santa Barbara city, California ","2,650",5.8,1.1
"Santa Cruz city, California ","2,697",9.2,1.7
"Santa Fe city, New Mexico ",516,1.6,0.5
"Santa Monica city, California ","1,514",3.1,0.6
"Santa Paula city, California ",100,0.8,0.9
"Santee city, California ",24,0.1,0.1
"Sapulpa city, Oklahoma ",0,0.0,0.3
"Sarasota city, Florida ",465,2.1,0.8
"Saratoga city, California ",67,0.5,0.4
"Saratoga Springs city, New York ",82,0.6,0.4
"Saratoga Springs city, Utah ",0,0.0,0.5
"Savage city, Minnesota ",27,0.2,0.2
"Sayreville borough, New Jersey ",14,0.1,0.1
"Schaumburg village, Illinois ",90,0.2,0.2
"Schenectady city, New York ",117,0.4,0.2
"Schererville town, Indiana ",65,0.4,0.6
"Schertz city, Texas ",0,0.0,0.2
"Scranton city, Pennsylvania ",75,0.2,0.1
"Seal Beach city, California ",82,0.9,0.4
"Searcy city, Arkansas ",26,0.3,0.3
"Seaside city, California ",218,1.4,0.7
"SeaTac city, Washington ",48,0.4,0.4
"Sebastian city, Florida ",15,0.2,0.3
"Sedalia city, Missouri ",12,0.1,0.2
"Seguin city, Texas ",71,0.7,0.5
"Selma city, Alabama ",0,0.0,0.6
"Selma city, California ",40,0.4,0.5
"Shaker Heights city, Ohio ",69,0.5,0.3
"Shakopee city, Minnesota ",32,0.2,0.2
"Shawnee city, Kansas ",54,0.2,0.1
"Shawnee city, Oklahoma ",39,0.3,0.2
"Sheboygan city, Wisconsin ",262,1.1,0.5
"Shelby city, North Carolina ",20,0.3,0.4
"Shelbyville city, Tennessee ",0,0.0,0.5
"Shelton city, Connecticut ",0,0.0,0.2
"Sherman city, Texas ",35,0.2,0.2
"Sherwood city, Arkansas ",0,0.0,0.2
"Shoreline city, Washington ",201,0.8,0.3
"Shoreview city, Minnesota ",44,0.3,0.3
"Sidney city, Ohio ",0,0.0,0.3
"Sierra Vista city, Arizona ",101,0.5,0.4
"Sioux City city, Iowa ",35,0.1,0.1
"Skokie village, Illinois ",151,0.5,0.4
"Slidell city, Louisiana ",48,0.4,0.3
"Smyrna city, Georgia ",0,0.0,0.1
"Smyrna town, Tennessee ",85,0.4,0.6
"Socorro city, Texas ",32,0.3,0.3
"Soledad city, California ",0,0.0,0.6
"Solon city, Ohio ",0,0.0,0.3
"Somerville city, Massachusetts ","2,048",4.5,0.7
"South El Monte city, California ",57,0.7,0.5
"South Elgin village, Illinois ",0,0.0,0.3
"South Euclid city, Ohio ",67,0.6,0.4
"South Gate city, California ",171,0.5,0.2
"South Holland village, Illinois ",0,0.0,0.3
"South Jordan city, Utah ",59,0.3,0.2
"South Lake Tahoe city, California ",348,3.3,1.3
"South Milwaukee city, Wisconsin ",34,0.3,0.3
"South Pasadena city, California ",110,0.8,0.8
"South Plainfield borough, New Jersey ",35,0.3,0.4
"South Portland city, Maine ",149,1.1,0.6
"South Salt Lake city, Utah ",277,2.6,1.5
"South San Francisco city, California ",216,0.7,0.3
"South St. Paul city, Minnesota ",66,0.6,0.6
"Southaven city, Mississippi ",42,0.2,0.2
"Southfield city, Michigan ",12,0.0,0.1
"Southgate city, Michigan ",30,0.2,0.2
"Southlake city, Texas ",0,0.0,0.3
"Spanish Fork city, Utah ",35,0.3,0.3
"Sparks city, Nevada ",243,0.6,0.3
"Spartanburg city, South Carolina ",48,0.3,0.2
"Spokane Valley city, Washington ",248,0.6,0.3
"Spring Hill city, Tennessee ",11,0.1,0.1
"Spring Valley village, New York ",8,0.1,0.1
"Springdale city, Arkansas ",11,0.0,0.1
"Springfield city, Ohio ",37,0.2,0.1
"Springfield city, Oregon ",574,2.2,0.6
"Springville city, Utah ",117,0.9,0.6
"St. Charles city, Illinois ",28,0.2,0.2
"St. Charles city, Missouri ",120,0.4,0.2
"St. Clair Shores city, Michigan ",38,0.1,0.1
"St. Cloud city, Florida ",98,0.6,0.5
"St. Cloud city, Minnesota ",337,1.0,0.4
"St. George city, Utah ",178,0.6,0.5
"St. Joseph city, Missouri ",20,0.1,0.1
"St. Louis Park city, Minnesota ",333,1.3,0.4
"St. Peters city, Missouri ",0,0.0,0.1
"Stanton city, California ",260,1.5,1.1
"Starkville city, Mississippi ",220,2.1,2.2
"State College borough, Pennsylvania ",637,4.2,1.3
"Statesboro city, Georgia ",90,0.8,0.7
"Statesville city, North Carolina ",9,0.1,0.2
"Staunton city, Virginia ",58,0.5,0.4
"Stevens Point city, Wisconsin ",630,4.7,1.2
"Stillwater city, Oklahoma ",549,2.4,0.8
"Stockbridge city, Georgia ",0,0.0,0.4
"Stow city, Ohio ",10,0.1,0.1
"Streamwood village, Illinois ",48,0.2,0.2
"Strongsville city, Ohio ",0,0.0,0.1
"Suffolk city, Virginia ",44,0.1,0.1
"Sugar Land city, Texas ",99,0.3,0.3
"Suisun City city, California ",71,0.5,0.5
"Sulphur city, Louisiana ",0,0.0,0.4
"Summerville town, South Carolina ",86,0.4,0.4
"Summit city, New Jersey ",51,0.5,0.4
"Sumter city, South Carolina ",72,0.4,0.4
"Sun Prairie city, Wisconsin ",0,0.0,0.1
"Sunny Isles Beach city, Florida ",10,0.1,0.2
"Sunrise city, Florida ",23,0.1,0.1
"Superior city, Wisconsin ",124,0.9,0.7
"Sweetwater city, Florida ",0,0.0,0.6
"Syracuse city, Utah ",38,0.3,0.4
"Tamarac city, Florida ",77,0.3,0.2
"Tarpon Springs city, Florida ",56,0.6,0.7
"Taunton city, Massachusetts ",68,0.3,0.3
"Taylor city, Michigan ",87,0.4,0.2
"Taylorsville city, Utah ",107,0.4,0.3
"Temple City city, California ",67,0.4,0.3
"Temple city, Texas ",80,0.3,0.2
"Temple Terrace city, Florida ",65,0.5,0.6
"Terre Haute city, Indiana ",220,0.9,0.4
"Texarkana city, Arkansas ",15,0.1,0.2
"Texarkana city, Texas ",59,0.4,0.7
"Texas City city, Texas ",48,0.3,0.3
"The Colony city, Texas ",0,0.0,0.2
"Thomasville city, North Carolina ",15,0.1,0.2
"Tigard city, Oregon ",192,0.8,0.3
"Tinley Park village, Illinois ",32,0.1,0.1
"Titusville city, Florida ",52,0.3,0.3
"Tooele city, Utah ",91,0.7,0.6
"Torrington city, Connecticut ",32,0.2,0.2
"Tracy city, California ",132,0.4,0.3
"Trenton city, New Jersey ",343,1.0,0.4
"Trotwood city, Ohio ",0,0.0,0.3
"Troy city, Michigan ",88,0.2,0.1
"Troy city, New York ",29,0.1,0.1
"Troy city, Ohio ",54,0.5,0.5
"Trussville city, Alabama ",0,0.0,0.4
"Tualatin city, Oregon ",50,0.4,0.3
"Tulare city, California ",30,0.1,0.1
"Tupelo city, Mississippi ",7,0.0,0.1
"Turlock city, California ",213,0.8,0.4
"Tuscaloosa city, Alabama ",250,0.7,0.4
"Tustin city, California ",367,1.0,0.6
"Twentynine Palms city, California ",3,0.0,0.1
"Twin Falls city, Idaho ",156,0.8,0.6
"Tyler city, Texas ",96,0.2,0.2
"Union City city, California ",69,0.2,0.2
"Union City city, Georgia ",0,0.0,0.5
"Union City city, New Jersey ",8,0.0,0.1
"University City city, Missouri ",209,1.2,0.6
"University Park city, Texas ",50,0.5,0.3
"University Place city, Washington ",0,0.0,0.2
"Upland city, California ",116,0.3,0.2
"Upper Arlington city, Ohio ",90,0.5,0.4
"Urbana city, Illinois ","1,131",5.8,1.2
"Urbandale city, Iowa ",26,0.1,0.1
"Utica city, New York ",80,0.3,0.2
"Vacaville city, California ",171,0.4,0.3
"Valdosta city, Georgia ",288,1.2,0.8
"Valley Stream village, New York ",0,0.0,0.2
"Valparaiso city, Indiana ",198,1.4,0.8
"Van Buren city, Arkansas ",0,0.0,0.3
"Venice city, Florida ",251,4.5,1.9
"Vernon Hills village, Illinois ",91,0.7,0.5
"Vestavia Hills city, Alabama ",58,0.4,0.5
"Vicksburg city, Mississippi ",0,0.0,0.4
"Victoria city, Texas ",139,0.5,0.4
"Villa Park village, Illinois ",108,1.0,0.9
"Vineland city, New Jersey ",0,0.0,0.1
"Vista city, California ",143,0.4,0.2
"Wadsworth city, Ohio ",58,0.6,0.7
"Wake Forest town, North Carolina ",19,0.1,0.2
"Walker city, Michigan ",13,0.1,0.2
"Walla Walla city, Washington ",393,3.1,1.1
"Walnut city, California ",0,0.0,0.3
"Walnut Creek city, California ",249,0.8,0.3
"Waltham city, Massachusetts ",277,0.8,0.4
"Warner Robins city, Georgia ",65,0.2,0.2
"Warren city, Ohio ",25,0.2,0.2
"Warwick city, Rhode Island ",54,0.1,0.1
"Wasco city, California ",0,0.0,0.5
"Washington city, Utah ",10,0.1,0.3
"Watauga city, Texas ",0,0.0,0.3
"Waterloo city, Iowa ",68,0.2,0.2
"Watertown city, New York ",81,0.7,0.6
"Watertown city, South Dakota ",37,0.3,0.5
"Watertown city, Wisconsin ",105,0.9,0.6
"Watertown Town city, Massachusetts ",210,1.1,0.5
"Watsonville city, California ",194,0.9,0.5
"Waukegan city, Illinois ",119,0.3,0.2
"Waukesha city, Wisconsin ",176,0.5,0.3
"Wausau city, Wisconsin ",190,1.0,0.4
"Wauwatosa city, Wisconsin ",147,0.6,0.3
"Waxahachie city, Texas ",45,0.3,0.4
"Waynesboro city, Virginia ",31,0.3,0.4
"Weatherford city, Texas ",14,0.1,0.2
"Webster Groves city, Missouri ",27,0.2,0.3
"Wellington village, Florida ",50,0.2,0.2
"Wenatchee city, Washington ",215,1.5,0.9
"Wentzville city, Missouri ",0,0.0,0.2
"Weslaco city, Texas ",0,0.0,0.3
"West Allis city, Wisconsin ",70,0.2,0.1
"West Bend city, Wisconsin ",98,0.6,0.3
"West Chicago city, Illinois ",66,0.5,0.4
"West Des Moines city, Iowa ",31,0.1,0.1
"West Fargo city, North Dakota ",10,0.1,0.1
"West Haven city, Connecticut ",20,0.1,0.1
"West Hollywood city, California ",117,0.5,0.4
"West Lafayette city, Indiana ",477,3.7,1.2
"West Linn city, Oregon ",54,0.4,0.4
"West Memphis city, Arkansas ",5,0.1,0.1
"West Mifflin borough, Pennsylvania ",0,0.0,0.3
"West New York town, New Jersey ",8,0.0,0.1
"West Sacramento city, California ",241,1.2,0.6
"West Springfield Town city, Massachusett ",23,0.2,0.2
"Westerville city, Ohio ",61,0.3,0.4
"Westfield city, Indiana ",117,0.8,0.7
"Westfield city, Massachusetts ",70,0.4,0.4
"Westfield town, New Jersey ",44,0.3,0.3
"Westlake city, Ohio ",25,0.2,0.2
"Westland city, Michigan ",43,0.1,0.1
"Westminster city, California ",440,1.2,0.6
"Westmont village, Illinois ",38,0.3,0.3
"Weston city, Florida ",0,0.0,0.1
"Weymouth Town city, Massachusetts ",24,0.1,0.1
"Wheat Ridge city, Colorado ",136,0.9,0.6
"Wheaton city, Illinois ",98,0.4,0.2
"Wheeling city, West Virginia ",17,0.1,0.2
"Wheeling village, Illinois ",113,0.6,0.4
"White Bear Lake city, Minnesota ",37,0.3,0.2
"White Plains city, New York ",118,0.4,0.3
"Whittier city, California ",168,0.4,0.2
"Wildomar city, California ",10,0.1,0.1
"Wildwood city, Missouri ",2,0.0,0.1
"Wilkes-Barre city, Pennsylvania ",48,0.3,0.2
"Williamsport city, Pennsylvania ",202,1.6,0.7
"Willoughby city, Ohio ",36,0.3,0.2
"Wilmette village, Illinois ",55,0.5,0.3
"Wilmington city, Delaware ",89,0.3,0.2
"Wilson city, North Carolina ",53,0.3,0.2
"Wilsonville city, Oregon ",0,0.0,0.4
"Winchester city, Virginia ",89,0.7,0.6
"Windsor town, California ",22,0.2,0.2
"Winona city, Minnesota ",460,3.1,1.0
"Winter Garden city, Florida ",286,1.7,1.3
"Winter Haven city, Florida ",40,0.3,0.4
"Winter Park city, Florida ",327,2.6,2.0
"Winter Springs city, Florida ",93,0.6,0.5
"Woburn city, Massachusetts ",28,0.1,0.2
"Woodburn city, Oregon ",88,0.9,0.8
"Woodbury city, Minnesota ",53,0.2,0.1
"Woodland city, California ",536,2.2,0.6
"Woodridge village, Illinois ",20,0.1,0.1
"Woodstock city, Georgia ",0,0.0,0.3
"Woodstock city, Illinois ",20,0.2,0.2
"Woonsocket city, Rhode Island ",12,0.1,0.1
"Wooster city, Ohio ",15,0.1,0.2
"Wyandotte city, Michigan ",74,0.6,0.4
"Wylie city, Texas ",0,0.0,0.2
"Wyoming city, Michigan ",69,0.2,0.2
"Xenia city, Ohio ",43,0.4,0.4
"Yakima city, Washington ",112,0.3,0.2
"Yorba Linda city, California ",84,0.3,0.2
"York city, Pennsylvania ",178,1.1,0.7
"Youngstown city, Ohio ",6,0.0,0.1
"Yuba City city, California ",71,0.3,0.2
"Yucaipa city, California ",41,0.2,0.2
"Yucca Valley town, California ",31,0.4,0.5
"Yukon city, Oklahoma ",53,0.5,0.5
"Yuma city, Arizona ",207,0.5,0.4
"Zanesville city, Ohio ",0,0.0,0.3
"Zion city, Illinois ",17,0.2,0.2
"Zionsville town, Indiana ",14,0.1,0.2
FOOTNOTES: ,,,
   1 Population thresholds are based on 3-year 2010Ð2012 ACS population estimates.,,,
" 2 This number, when added to or subracted from the estimate, represents the 90 percent confidence interval around the estimate.",,,
"    Source: American Community Survey Table S0801, 2008Ð2012 ACS, available on American Factfinder at <www.Factfinder2.census.gov>.",,,